<wpml-config>
	<custom-types>
		<custom-type translate="1">us_portfolio</custom-type>
		<custom-type translate="1">us_testimonial</custom-type>
		<custom-type translate="1">us_header</custom-type>
		<custom-type translate="1">us_page_block</custom-type>
		<custom-type translate="1">us_content_template</custom-type>
		<custom-type translate="0">us_widget_area</custom-type>
		<custom-type translate="1">us_grid_layout</custom-type>
	</custom-types>
	<taxonomies>
		<taxonomy translate="1">us_portfolio_category</taxonomy>
		<taxonomy translate="1">us_portfolio_tag</taxonomy>
		<taxonomy translate="1">us_testimonial_category</taxonomy>
	</taxonomies>
	<custom-fields>
		<custom-field action="copy-once">us_header_id</custom-field>
		<custom-field action="copy-once">us_header_sticky_override</custom-field>
		<custom-field action="copy-once">us_header_sticky</custom-field>
		<custom-field action="copy-once">us_header_transparent_override</custom-field>
		<custom-field action="copy-once">us_header_transparent</custom-field>
		<custom-field action="copy-once">us_header_sticky_pos</custom-field>
		<custom-field action="copy-once">us_header_shadow</custom-field>
		<custom-field action="copy-once">us_titlebar_id</custom-field>
		<custom-field action="copy-once">us_content_id</custom-field>
		<custom-field action="copy-once">us_sidebar_id</custom-field>
		<custom-field action="copy-once">us_sidebar_pos</custom-field>
		<custom-field action="copy-once">us_footer_id</custom-field>
		<custom-field action="translate" encoding="json">us_tile_link</custom-field>
		<custom-field action="copy-once">us_tile_size</custom-field>
		<custom-field action="copy-once">us_tile_bg_color</custom-field>
		<custom-field action="copy-once">us_tile_text_color</custom-field>
		<custom-field action="translate">us_tile_additional_image</custom-field>
		<custom-field action="translate">us_testimonial_author</custom-field>
		<custom-field action="translate">us_testimonial_role</custom-field>
		<custom-field action="translate">us_testimonial_company</custom-field>
		<custom-field action="copy-once">us_testimonial_link</custom-field>
		<custom-field action="copy-once">us_attachment_link</custom-field>
		<custom-field action="copy-once">us_testimonial_rating</custom-field>
		<custom-field action="translate">us_meta_description</custom-field>
		<custom-field action="translate">us_meta_title</custom-field>
		<custom-field action="copy-once">us_meta_robots</custom-field>
	</custom-fields>
	<shortcodes>
		<shortcode>
			<tag>us_breadcrumbs</tag>
			<attributes>
				<attribute>home</attribute>
			</attributes>
		</shortcode>
		<shortcode>
			<tag>us_btn</tag>
			<attributes>
				<attribute>label</attribute>
				<attribute type="link" encoding="us_link">link</attribute>
			</attributes>
		</shortcode>
		<shortcode>
			<tag>us_carousel</tag>
			<attributes>
				<attribute>no_items_message</attribute>
				<attribute>items_layout</attribute>
			</attributes>
		</shortcode>
		<shortcode>
			<tag>us_cart_totals</tag>
			<attributes>
				<attribute>title</attribute>
				<attribute>btn_label</attribute>
			</attributes>
		</shortcode>
		<shortcode>
			<tag>us_cform</tag>
			<attributes>
				<attribute type="area" encoding="us_urlencoded_json">items</attribute>
				<attribute>button_text</attribute>
				<attribute>receiver_email</attribute>
				<attribute>bcc_email</attribute>
				<attribute>email_subject</attribute>
				<attribute type="area" encoding="base64">success_message</attribute>
			</attributes>
		</shortcode>
		<shortcode>
			<tag>us_checkout_payment</tag>
			<attributes>
				<attribute>btn_label</attribute>
			</attributes>
		</shortcode>
		<shortcode>
			<tag>us_contacts</tag>
			<attributes>
				<attribute>address</attribute>
				<attribute>phone</attribute>
				<attribute>fax</attribute>
				<attribute>email</attribute>
			</attributes>
		</shortcode>
		<shortcode>
			<tag>us_counter</tag>
			<attributes>
				<attribute>initial</attribute>
				<attribute>final</attribute>
				<attribute>title</attribute>
			</attributes>
		</shortcode>
		<shortcode>
			<tag>us_cta</tag>
			<attributes>
				<attribute>title</attribute>
				<attribute>content</attribute>
				<attribute>btn_label</attribute>
				<attribute type="link" encoding="us_link">btn_link</attribute>
				<attribute>btn2_label</attribute>
				<attribute type="link" encoding="us_link">btn2_link</attribute>
			</attributes>
		</shortcode>
		<shortcode>
			<tag>us_dropdown</tag>
			<attributes>
				<attribute type="area" encoding="us_urlencoded_json">links</attribute>
				<attribute>link_title</attribute>
			</attributes>
		</shortcode>
		<shortcode>
			<tag>us_flipbox</tag>
			<attributes>
				<attribute>front_title</attribute>
				<attribute>front_desc</attribute>
				<attribute>back_title</attribute>
				<attribute>back_desc</attribute>
				<attribute type="link" encoding="us_link">link</attribute>
				<attribute>btn_label</attribute>
			</attributes>
		</shortcode>
		<shortcode>
			<tag>us_gmaps</tag>
			<attributes>
				<attribute>marker_address</attribute>
				<attribute type="area" encoding="base64">marker_text</attribute>
				<attribute type="area" encoding="us_urlencoded_json">markers</attribute>
			</attributes>
		</shortcode>
		<shortcode>
			<tag>us_grid</tag>
			<attributes>
				<attribute>no_items_message</attribute>
				<attribute>pagination_btn_text</attribute>
				<attribute>taxonomy_us_portfolio_category</attribute>
				<attribute>taxonomy_us_portfolio_tag</attribute>
				<attribute>taxonomy_category</attribute>
				<attribute>taxonomy_post_tag</attribute>
				<attribute>taxonomy_us_testimonial_category</attribute>
				<attribute>taxonomy_product_cat</attribute>
				<attribute>items_layout</attribute>
			</attributes>
		</shortcode>
		<shortcode>
			<tag>us_grid_filter</tag>
			<attributes>
				<attribute type="area" encoding="us_urlencoded_json">filter_items</attribute>
			</attributes>
		</shortcode>
		<shortcode>
			<tag>us_grid_order</tag>
			<attributes>
				<attribute>first_label</attribute>
				<attribute>text_before</attribute>
			</attributes>
		</shortcode>
		<shortcode>
			<tag encoding="base64">us_html</tag>
		</shortcode>
		<shortcode>
			<tag>us_ibanner</tag>
			<attributes>
				<attribute>title</attribute>
				<attribute>desc</attribute>
				<attribute type="link" encoding="us_link">link</attribute>
			</attributes>
		</shortcode>
		<shortcode>
			<tag>us_iconbox</tag>
			<attributes>
				<attribute>title</attribute>
				<attribute>content</attribute>
				<attribute type="link" encoding="us_link">link</attribute>
			</attributes>
		</shortcode>
		<shortcode>
			<tag>us_image</tag>
			<attributes>
				<attribute type="link" encoding="us_link">link</attribute>
			</attributes>
		</shortcode>
		<shortcode>
			<tag>us_itext</tag>
			<attributes>
				<attribute type="area">texts</attribute>
			</attributes>
		</shortcode>
		<shortcode>
			<tag>us_login</tag>
			<attributes>
				<attribute>register</attribute>
				<attribute>lost_password</attribute>
				<attribute>login_redirect</attribute>
				<attribute>logout_redirect</attribute>
			</attributes>
		</shortcode>
		<shortcode>
			<tag>us_message</tag>
			<attributes>
				<attribute>content</attribute>
			</attributes>
		</shortcode>
		<shortcode>
			<tag>us_person</tag>
			<attributes>
				<attribute>name</attribute>
				<attribute>role</attribute>
				<attribute>content</attribute>
				<attribute>email</attribute>
				<attribute>facebook</attribute>
				<attribute>twitter</attribute>
				<attribute>google_plus</attribute>
				<attribute>linkedin</attribute>
				<attribute>skype</attribute>
				<attribute>custom_link</attribute>
				<attribute type="link" encoding="us_link">link</attribute>
			</attributes>
		</shortcode>
		<shortcode>
			<tag>us_popup</tag>
			<attributes>
				<attribute>btn_label</attribute>
				<attribute>title</attribute>
				<attribute>content</attribute>
			</attributes>
		</shortcode>
		<shortcode>
			<tag>us_post_custom_field</tag>
			<attributes>
				<attribute type="link" encoding="us_link">custom_link</attribute>
				<attribute>text_before</attribute>
				<attribute>text_after</attribute>
			</attributes>
		</shortcode>
		<shortcode>
			<tag>us_post_date</tag>
			<attributes>
				<attribute>text_before</attribute>
			</attributes>
		</shortcode>
		<shortcode>
			<tag>us_post_navigation</tag>
			<attributes>
				<attribute>prev_post_text</attribute>
				<attribute>next_post_text</attribute>
			</attributes>
		</shortcode>
		<shortcode>
			<tag>us_post_taxonomy</tag>
			<attributes>
				<attribute>separator</attribute>
				<attribute type="link" encoding="us_link">custom_link</attribute>
				<attribute>text_before</attribute>
			</attributes>
		</shortcode>
		<shortcode>
			<tag>us_post_views</tag>
			<attributes>
				<attribute>text_before</attribute>
				<attribute>text_after</attribute>
				<attribute>result_thousand_separator</attribute>
			</attributes>
		</shortcode>
		<shortcode>
			<tag>us_pricing</tag>
			<attributes>
				<attribute type="area" encoding="us_urlencoded_json">items</attribute>
			</attributes>
		</shortcode>
		<shortcode>
			<tag>us_product_field</tag>
			<attributes>
				<attribute>sale_text</attribute>
			</attributes>
		</shortcode>
		<shortcode>
			<tag>us_progbar</tag>
			<attributes>
				<attribute>count</attribute>
				<attribute>final_value</attribute>
				<attribute>title</attribute>
			</attributes>
		</shortcode>
		<shortcode>
			<tag>us_search</tag>
			<attributes>
				<attribute>text</attribute>
			</attributes>
		</shortcode>
		<shortcode>
			<tag>us_separator</tag>
			<attributes>
				<attribute>text</attribute>
			</attributes>
		</shortcode>
		<shortcode>
			<tag>us_sharing</tag>
			<attributes>
				<attribute>url</attribute>
			</attributes>
		</shortcode>
		<shortcode>
			<tag>us_socials</tag>
			<attributes>
				<attribute type="area" encoding="us_urlencoded_json">items</attribute>
			</attributes>
		</shortcode>
		<shortcode>
			<tag>us_text</tag>
			<attributes>
				<attribute>text</attribute>
				<attribute type="link" encoding="us_link">link</attribute>
			</attributes>
		</shortcode>
		<shortcode>
			<tag>us_wc_coupon_form</tag>
			<attributes>
				<attribute>placeholder</attribute>
				<attribute>btn_label</attribute>
			</attributes>
		</shortcode>
		<shortcode>
			<tag>vc_column_text</tag>
			<attributes>
				<attribute>content</attribute>
				<attribute>show_more_toggle_text_more</attribute>
				<attribute>show_more_toggle_text_less</attribute>
			</attributes>
		</shortcode>
		<shortcode>
			<tag>vc_video</tag>
			<attributes>
				<attribute>link</attribute>
			</attributes>
		</shortcode>
	</shortcodes>
</wpml-config>
